seed,baseline,alpha_target,background_drift_slope_per_day,energy_resolution_pct,prior_family_id,standoff_m,regime_id,FAR_at_target_alpha,MedianDetectionDelay_days,TPR_at_alpha_1e-3,FAR_inflation_ratio,CalibrationViolation
401,PM Robust minimax detector,0.01,0.0,10.0,M_conservative_mixture,25.0,413e8f511ede,0.012500849834168848,7.927149619648751,0.5610102708768031,1.2500849834168848,1
101,PM Robust minimax detector,0.01,0.0,10.0,M_conservative_mixture,40.0,59c42015efc1,0.012564927736716284,8.445689365719955,0.5087103272096051,1.2564927736716283,1
401,PM Robust minimax detector,0.01,0.0,10.0,M_conservative_mixture,40.0,59c42015efc1,0.012515126352590127,8.722822061355483,0.4530386592284832,1.2515126352590127,1
101,PM Robust minimax detector,0.01,0.0,10.0,M_conservative_mixture,60.0,1d3ac98b718b,0.012511330178374826,10.00822050905447,0.30473779679179613,1.2511330178374827,1
211,PM Robust minimax detector,0.01,0.01,8.0,M_conservative_mixture,15.0,4063a0beb51c,0.012563232624959262,6.25384072524113,0.7349304842810984,1.2563232624959262,1
401,PM Robust minimax detector,0.01,0.01,8.0,M_conservative_mixture,15.0,4063a0beb51c,0.012501825876481326,6.0926139450335475,0.7550647405511777,1.2501825876481325,1
101,PM Robust minimax detector,0.01,0.01,8.0,M_conservative_mixture,25.0,2c672484d7f9,0.012682086811245363,7.6397806834929565,0.5797481126755829,1.2682086811245363,1
101,PM Robust minimax detector,0.01,0.01,10.0,M_mueller,15.0,330403d299ab,0.012661494531746231,7.264461630181822,0.6339891253172522,1.2661494531746231,1
211,PM Robust minimax detector,0.01,0.01,10.0,M_mueller,25.0,86c97223f4a7,0.012561420935634355,7.744024656810803,0.6090643759897372,1.2561420935634355,1
307,PM Robust minimax detector,0.01,0.01,10.0,M_mueller,25.0,86c97223f4a7,0.012529633712258337,7.175701191267474,0.6507679305670453,1.2529633712258337,1
211,PM Robust minimax detector,0.01,0.01,10.0,M_mueller,40.0,2576492b146e,0.01256947125335079,9.045704287322407,0.4180932594575224,1.256947125335079,1
307,PM Robust minimax detector,0.01,0.01,10.0,M_mueller,40.0,2576492b146e,0.012502875617796744,7.946446361808638,0.5465176056131351,1.2502875617796745,1
401,PM Robust minimax detector,0.01,0.01,10.0,M_mueller,40.0,2576492b146e,0.01264003386550674,8.489032962228517,0.5066136651284349,1.264003386550674,1
503,PM Robust minimax detector,0.01,0.01,10.0,M_mueller,40.0,2576492b146e,0.012569168298736774,9.265459434971744,0.41883654435796963,1.2569168298736773,1
101,PM Robust minimax detector,0.01,0.01,10.0,M_mueller,60.0,d5657e40c2c7,0.012509110851664972,9.796187836831981,0.3383213877699138,1.250911085166497,1
211,PM Robust minimax detector,0.01,0.01,10.0,M_mueller,60.0,d5657e40c2c7,0.01251556624379997,9.935957837387344,0.29035242652960225,1.251556624379997,1
101,PM Robust minimax detector,0.01,0.01,10.0,M_conservative_mixture,15.0,3b4aa815838a,0.012689933692039747,6.809617359368015,0.6914169319672433,1.2689933692039748,1
211,PM Robust minimax detector,0.01,0.01,10.0,M_conservative_mixture,15.0,3b4aa815838a,0.012794317049243444,7.360718416818777,0.6365496043663414,1.2794317049243444,1
307,PM Robust minimax detector,0.01,0.01,10.0,M_conservative_mixture,15.0,3b4aa815838a,0.012559511710120095,6.629279083817476,0.6930274796442571,1.2559511710120095,1
401,PM Robust minimax detector,0.01,0.01,10.0,M_conservative_mixture,15.0,3b4aa815838a,0.012752182822503393,6.5966889362917405,0.7069817645087465,1.2752182822503393,1
101,PM Robust minimax detector,0.01,0.01,10.0,M_conservative_mixture,25.0,9899cd625e82,0.012508942428486592,8.287273368304,0.5348656414535639,1.2508942428486591,1
307,PM Robust minimax detector,0.01,0.01,10.0,M_conservative_mixture,25.0,9899cd625e82,0.0125892209422888,7.9053292257459695,0.5703751940295457,1.2589220942288801,1
401,PM Robust minimax detector,0.01,0.01,10.0,M_conservative_mixture,25.0,9899cd625e82,0.012574579020163977,7.825853106971011,0.5575434046905805,1.2574579020163976,1
503,PM Robust minimax detector,0.01,0.01,10.0,M_conservative_mixture,25.0,9899cd625e82,0.012916247073871274,8.340608126372707,0.49584202388381104,1.2916247073871274,1
101,PM Robust minimax detector,0.01,0.01,10.0,M_conservative_mixture,40.0,e790ca92bafe,0.012890431703856857,8.94492307012049,0.43779174644389207,1.2890431703856857,1
211,PM Robust minimax detector,0.01,0.01,10.0,M_conservative_mixture,40.0,e790ca92bafe,0.012765346567659075,8.643869481815145,0.47229775325362694,1.2765346567659075,1
307,PM Robust minimax detector,0.01,0.01,10.0,M_conservative_mixture,40.0,e790ca92bafe,0.012627172419639785,8.563132572370575,0.49123548523093225,1.2627172419639785,1
401,PM Robust minimax detector,0.01,0.01,10.0,M_conservative_mixture,40.0,e790ca92bafe,0.012964694501589885,8.86833095443396,0.4508434405790932,1.2964694501589884,1
503,PM Robust minimax detector,0.01,0.01,10.0,M_conservative_mixture,40.0,e790ca92bafe,0.012757949585599511,8.776431844779086,0.44337686740476123,1.275794958559951,1
211,PM Robust minimax detector,0.01,0.01,10.0,M_conservative_mixture,60.0,8d8136a583c7,0.012800907879671586,9.329336160497569,0.3883582977028307,1.2800907879671586,1
307,PM Robust minimax detector,0.01,0.01,10.0,M_conservative_mixture,60.0,8d8136a583c7,0.012782929255841503,9.79958089599726,0.31517398417550935,1.2782929255841502,1
401,PM Robust minimax detector,0.01,0.01,10.0,M_conservative_mixture,60.0,8d8136a583c7,0.01282147246429684,9.914228488185444,0.30021999992690396,1.282147246429684,1
503,PM Robust minimax detector,0.01,0.01,10.0,M_conservative_mixture,60.0,8d8136a583c7,0.012742443864152825,9.849280687454662,0.31046677937448747,1.2742443864152824,1
307,PM Robust minimax detector,0.01,0.03,6.0,M_conservative_mixture,15.0,7ddd94a3291a,0.01250014447815053,5.84686008118526,0.7832848571395591,1.250014447815053,1
401,PM Robust minimax detector,0.01,0.03,6.0,M_conservative_mixture,15.0,7ddd94a3291a,0.012632513316541907,5.9021891184839035,0.7760583860607047,1.2632513316541907,1
101,PM Robust minimax detector,0.01,0.03,6.0,M_conservative_mixture,25.0,eac04e55c308,0.012524787896976648,6.733379401002652,0.6878988432086394,1.2524787896976648,1
211,PM Robust minimax detector,0.01,0.03,6.0,M_conservative_mixture,25.0,eac04e55c308,0.012501552725896892,6.748097717952084,0.6777179644955388,1.2501552725896892,1
503,PM Robust minimax detector,0.01,0.03,6.0,M_conservative_mixture,25.0,eac04e55c308,0.012634993521808524,6.482702161247814,0.722202649558103,1.2634993521808524,1
101,PM Robust minimax detector,0.01,0.03,6.0,M_conservative_mixture,40.0,4a6a6c4868fb,0.012609252627013925,7.65626991038677,0.601273776267299,1.2609252627013925,1
211,PM Robust minimax detector,0.01,0.03,6.0,M_conservative_mixture,40.0,4a6a6c4868fb,0.012517913963457996,7.692426413526554,0.575883977586281,1.2517913963457996,1
503,PM Robust minimax detector,0.01,0.03,6.0,M_conservative_mixture,40.0,4a6a6c4868fb,0.012598504135463673,7.414980511382603,0.6379590002105412,1.2598504135463673,1
307,PM Robust minimax detector,0.01,0.03,6.0,M_conservative_mixture,60.0,2380db7dbbdd,0.012700699195205485,8.588447024644521,0.453992011206829,1.2700699195205485,1
401,PM Robust minimax detector,0.01,0.03,8.0,M_huber,40.0,d8455539b6ee,0.01254063871191987,8.013996156643948,0.5427316661034995,1.254063871191987,1
101,PM Robust minimax detector,0.01,0.03,8.0,M_mueller,15.0,240b99a59ece,0.01257651703737533,7.051133498702875,0.638310462455005,1.257651703737533,1
211,PM Robust minimax detector,0.01,0.03,8.0,M_mueller,15.0,240b99a59ece,0.012534357417408342,6.129893129177026,0.7602443287886967,1.2534357417408342,1
307,PM Robust minimax detector,0.01,0.03,8.0,M_mueller,15.0,240b99a59ece,0.012858510672764048,5.588164102564544,0.8005071297617987,1.2858510672764047,1
503,PM Robust minimax detector,0.01,0.03,8.0,M_mueller,15.0,240b99a59ece,0.012710902709448893,6.1415660593722565,0.7397884531780524,1.2710902709448892,1
101,PM Robust minimax detector,0.01,0.03,8.0,M_mueller,25.0,6fda2cc8bbf9,0.012516515472871657,7.063887003604918,0.6405039266456032,1.2516515472871657,1
211,PM Robust minimax detector,0.01,0.03,8.0,M_mueller,25.0,6fda2cc8bbf9,0.012593341708828103,7.650190825746167,0.5907804001064598,1.2593341708828103,1
307,PM Robust minimax detector,0.01,0.03,8.0,M_mueller,25.0,6fda2cc8bbf9,0.012557759688494919,7.58669255939644,0.6007572768956941,1.2557759688494918,1
503,PM Robust minimax detector,0.01,0.03,8.0,M_mueller,25.0,6fda2cc8bbf9,0.012716804278465587,7.239715582732708,0.6164100372282681,1.2716804278465588,1
101,PM Robust minimax detector,0.01,0.03,8.0,M_mueller,40.0,db1d78a9f298,0.012805743944926347,8.239110265141385,0.5158843772507578,1.2805743944926347,1
211,PM Robust minimax detector,0.01,0.03,8.0,M_mueller,40.0,db1d78a9f298,0.012768432868100659,8.499880268405409,0.49017479709646655,1.2768432868100659,1
307,PM Robust minimax detector,0.01,0.03,8.0,M_mueller,40.0,db1d78a9f298,0.012771733049573393,8.4393123625312,0.5021764516461383,1.2771733049573393,1
401,PM Robust minimax detector,0.01,0.03,8.0,M_mueller,40.0,db1d78a9f298,0.012507039590297836,7.95038426490563,0.555313259494431,1.2507039590297835,1
503,PM Robust minimax detector,0.01,0.03,8.0,M_mueller,40.0,db1d78a9f298,0.01311139521604933,8.003501731835675,0.5357930262602758,1.311139521604933,1
101,PM Robust minimax detector,0.01,0.03,8.0,M_mueller,60.0,2d809686ef1e,0.01280448303622413,8.820332095934155,0.46184432716074186,1.280448303622413,1
307,PM Robust minimax detector,0.01,0.03,8.0,M_mueller,60.0,2d809686ef1e,0.012770462864374778,9.990625132472966,0.30621093936254157,1.2770462864374779,1
401,PM Robust minimax detector,0.01,0.03,8.0,M_mueller,60.0,2d809686ef1e,0.012732798359001771,9.01110978466981,0.4301732690980909,1.2732798359001771,1
503,PM Robust minimax detector,0.01,0.03,8.0,M_mueller,60.0,2d809686ef1e,0.012564177445692045,9.17995278868454,0.38015925249666926,1.2564177445692044,1
101,PM Robust minimax detector,0.01,0.03,8.0,M_conservative_mixture,15.0,2e7bfc21d798,0.0128815328955593,6.2348727999597,0.7324684814367605,1.28815328955593,1
211,PM Robust minimax detector,0.01,0.03,8.0,M_conservative_mixture,15.0,2e7bfc21d798,0.013071020670104025,6.687989478475852,0.6822972086731227,1.3071020670104025,1
307,PM Robust minimax detector,0.01,0.03,8.0,M_conservative_mixture,15.0,2e7bfc21d798,0.01287790464775213,5.9667334049850655,0.7734602135745627,1.287790464775213,1
401,PM Robust minimax detector,0.01,0.03,8.0,M_conservative_mixture,15.0,2e7bfc21d798,0.012557058879166125,6.762371217348795,0.6926641316517667,1.2557058879166125,1
503,PM Robust minimax detector,0.01,0.03,8.0,M_conservative_mixture,15.0,2e7bfc21d798,0.01280878748981098,6.939174986008398,0.679383451778771,1.280878748981098,1
101,PM Robust minimax detector,0.01,0.03,8.0,M_conservative_mixture,25.0,8fcb91371d0e,0.012785361168377415,7.757067855436561,0.5697504300569414,1.2785361168377414,1
211,PM Robust minimax detector,0.01,0.03,8.0,M_conservative_mixture,25.0,8fcb91371d0e,0.01298904205881154,7.637075044090538,0.5865185857046639,1.298904205881154,1
307,PM Robust minimax detector,0.01,0.03,8.0,M_conservative_mixture,25.0,8fcb91371d0e,0.012740696001237893,6.512257050536327,0.7280658946362608,1.2740696001237892,1
401,PM Robust minimax detector,0.01,0.03,8.0,M_conservative_mixture,25.0,8fcb91371d0e,0.013054149830042413,6.63807342401773,0.67384615582447,1.3054149830042412,1
503,PM Robust minimax detector,0.01,0.03,8.0,M_conservative_mixture,25.0,8fcb91371d0e,0.012838193748618654,7.432661080190862,0.6213643522486786,1.2838193748618654,1
101,PM Robust minimax detector,0.01,0.03,8.0,M_conservative_mixture,40.0,952b94fe179c,0.012792552034295298,8.269188155573538,0.4983762901994001,1.2792552034295297,1
211,PM Robust minimax detector,0.01,0.03,8.0,M_conservative_mixture,40.0,952b94fe179c,0.012838867452516889,7.994524848473686,0.5444736497264824,1.2838867452516889,1
307,PM Robust minimax detector,0.01,0.03,8.0,M_conservative_mixture,40.0,952b94fe179c,0.012979228965391972,7.971643698073225,0.5444131654308666,1.2979228965391971,1
401,PM Robust minimax detector,0.01,0.03,8.0,M_conservative_mixture,40.0,952b94fe179c,0.012782903463692033,8.465775291626109,0.49305976437253485,1.2782903463692032,1
503,PM Robust minimax detector,0.01,0.03,8.0,M_conservative_mixture,40.0,952b94fe179c,0.012854576020993696,8.107279374733821,0.541656578220146,1.2854576020993695,1
101,PM Robust minimax detector,0.01,0.03,8.0,M_conservative_mixture,60.0,6462de5003fe,0.012533726203286862,9.657808398812927,0.3655407628042443,1.2533726203286861,1
211,PM Robust minimax detector,0.01,0.03,8.0,M_conservative_mixture,60.0,6462de5003fe,0.012863776747387754,9.218383457850022,0.38312921897987773,1.2863776747387754,1
307,PM Robust minimax detector,0.01,0.03,8.0,M_conservative_mixture,60.0,6462de5003fe,0.01279488901488145,9.749186253225155,0.36747543181945896,1.279488901488145,1
401,PM Robust minimax detector,0.01,0.03,8.0,M_conservative_mixture,60.0,6462de5003fe,0.013033390603715285,9.508719878515942,0.35890537212117735,1.3033390603715285,1
101,PM Robust minimax detector,0.01,0.03,10.0,M_huber,15.0,5d276b030080,0.012679513910593557,6.6846201412473825,0.7099692906367824,1.2679513910593556,1
211,PM Robust minimax detector,0.01,0.03,10.0,M_huber,15.0,5d276b030080,0.012730586221680315,6.681620942799756,0.7375550555847795,1.2730586221680316,1
307,PM Robust minimax detector,0.01,0.03,10.0,M_huber,15.0,5d276b030080,0.012833527681899078,7.102300363599562,0.666147097289201,1.2833527681899077,1
401,PM Robust minimax detector,0.01,0.03,10.0,M_huber,15.0,5d276b030080,0.012904716156401238,7.357597395396242,0.6437589701873319,1.2904716156401237,1
503,PM Robust minimax detector,0.01,0.03,10.0,M_huber,15.0,5d276b030080,0.012851346305213195,6.869916209166255,0.6747509361225885,1.2851346305213194,1
101,PM Robust minimax detector,0.01,0.03,10.0,M_huber,25.0,69c94be2985b,0.01251740520191077,7.322029450155002,0.6284512630560213,1.251740520191077,1
211,PM Robust minimax detector,0.01,0.03,10.0,M_huber,25.0,69c94be2985b,0.012634347110932776,7.567442935576028,0.5914078436393355,1.2634347110932775,1
307,PM Robust minimax detector,0.01,0.03,10.0,M_huber,25.0,69c94be2985b,0.01294274523639143,7.579542698560743,0.6116572955581123,1.2942745236391429,1
503,PM Robust minimax detector,0.01,0.03,10.0,M_huber,25.0,69c94be2985b,0.012643568074920964,7.6335102287856955,0.5911185350188729,1.2643568074920963,1
101,PM Robust minimax detector,0.01,0.03,10.0,M_huber,40.0,ca1526301f21,0.012791776293521767,8.627074889203506,0.4595248373913524,1.2791776293521766,1
211,PM Robust minimax detector,0.01,0.03,10.0,M_huber,40.0,ca1526301f21,0.012537871720749829,8.857083967505169,0.41934562534426784,1.253787172074983,1
307,PM Robust minimax detector,0.01,0.03,10.0,M_huber,40.0,ca1526301f21,0.01256883856075066,8.806350947098634,0.44007118449505167,1.256883856075066,1
401,PM Robust minimax detector,0.01,0.03,10.0,M_huber,40.0,ca1526301f21,0.012650436368616529,8.913449350028769,0.44044552187083336,1.2650436368616529,1
503,PM Robust minimax detector,0.01,0.03,10.0,M_huber,40.0,ca1526301f21,0.012757066971820679,8.087966738899002,0.5581634163879172,1.2757066971820679,1
101,PM Robust minimax detector,0.01,0.03,10.0,M_huber,60.0,ee7c0534d780,0.013057695714238425,9.766237008879155,0.34731063643256127,1.3057695714238424,1
211,PM Robust minimax detector,0.01,0.03,10.0,M_huber,60.0,ee7c0534d780,0.012770959502298635,9.518200106138519,0.3540916598632452,1.2770959502298636,1
307,PM Robust minimax detector,0.01,0.03,10.0,M_huber,60.0,ee7c0534d780,0.012683450413971986,9.713989804737933,0.3103563296319003,1.2683450413971986,1
401,PM Robust minimax detector,0.01,0.03,10.0,M_huber,60.0,ee7c0534d780,0.012574786541553268,9.493716255654128,0.364426315365084,1.257478654155327,1
503,PM Robust minimax detector,0.01,0.03,10.0,M_huber,60.0,ee7c0534d780,0.012829657091000493,9.9210585722474,0.3226154205996053,1.2829657091000493,1
101,PM Robust minimax detector,0.01,0.03,10.0,M_mueller,15.0,bb31cb56152e,0.012785095838391972,6.763454967862428,0.697367033738852,1.278509583839197,1
211,PM Robust minimax detector,0.01,0.03,10.0,M_mueller,15.0,bb31cb56152e,0.012985609519902741,7.042853626487834,0.6543025143449249,1.298560951990274,1
307,PM Robust minimax detector,0.01,0.03,10.0,M_mueller,15.0,bb31cb56152e,0.012878575772326538,7.345802870128529,0.638950671247892,1.2878575772326537,1
401,PM Robust minimax detector,0.01,0.03,10.0,M_mueller,15.0,bb31cb56152e,0.012936808851299931,6.720692649081918,0.7051885358158293,1.293680885129993,1
503,PM Robust minimax detector,0.01,0.03,10.0,M_mueller,15.0,bb31cb56152e,0.012551116010436899,6.889280516282291,0.6844390071562322,1.2551116010436898,1
101,PM Robust minimax detector,0.01,0.03,10.0,M_mueller,25.0,5cec515ab66f,0.01276442665651065,8.071556301640657,0.5296695407161137,1.276442665651065,1
211,PM Robust minimax detector,0.01,0.03,10.0,M_mueller,25.0,5cec515ab66f,0.013124418762674946,7.071708352520856,0.6549719861855193,1.3124418762674945,1
307,PM Robust minimax detector,0.01,0.03,10.0,M_mueller,25.0,5cec515ab66f,0.012823560297655318,7.226137307302931,0.6508107669273828,1.2823560297655319,1
401,PM Robust minimax detector,0.01,0.03,10.0,M_mueller,25.0,5cec515ab66f,0.012984888054640533,7.763168447137557,0.5565569870597751,1.2984888054640533,1
503,PM Robust minimax detector,0.01,0.03,10.0,M_mueller,25.0,5cec515ab66f,0.013003771723356117,7.393929237891297,0.6132417051181311,1.3003771723356117,1
101,PM Robust minimax detector,0.01,0.03,10.0,M_mueller,40.0,bdd6bf714ff8,0.013023338280694383,9.084960966904928,0.44473857512440323,1.3023338280694383,1
211,PM Robust minimax detector,0.01,0.03,10.0,M_mueller,40.0,bdd6bf714ff8,0.013129515438968077,8.849314471009249,0.4492851325865961,1.3129515438968076,1
307,PM Robust minimax detector,0.01,0.03,10.0,M_mueller,40.0,bdd6bf714ff8,0.01291650287308534,8.32850811569948,0.5424540024187234,1.291650287308534,1
401,PM Robust minimax detector,0.01,0.03,10.0,M_mueller,40.0,bdd6bf714ff8,0.012968836730241384,8.020400948441347,0.5454976484890423,1.2968836730241384,1
503,PM Robust minimax detector,0.01,0.03,10.0,M_mueller,40.0,bdd6bf714ff8,0.012991772289562971,8.789594515669219,0.4389909415423483,1.299177228956297,1
101,PM Robust minimax detector,0.01,0.03,10.0,M_mueller,60.0,bf19ad65db05,0.012967873271157955,10.208190156079468,0.31122978670804413,1.2967873271157955,1
211,PM Robust minimax detector,0.01,0.03,10.0,M_mueller,60.0,bf19ad65db05,0.013293482048112882,9.46766132548959,0.36669990981168377,1.3293482048112881,1
307,PM Robust minimax detector,0.01,0.03,10.0,M_mueller,60.0,bf19ad65db05,0.012878336030236802,10.595284183025516,0.2788582213961035,1.28783360302368,1
401,PM Robust minimax detector,0.01,0.03,10.0,M_mueller,60.0,bf19ad65db05,0.01299787447833876,9.562067097542139,0.37641118245724764,1.299787447833876,1
503,PM Robust minimax detector,0.01,0.03,10.0,M_mueller,60.0,bf19ad65db05,0.012775704222007245,10.709266510950595,0.2333393355167728,1.2775704222007245,1
101,PM Robust minimax detector,0.01,0.03,10.0,M_conservative_mixture,15.0,ee15fbca7198,0.013371139915125587,6.814301343753982,0.6814655823894689,1.3371139915125587,1
211,PM Robust minimax detector,0.01,0.03,10.0,M_conservative_mixture,15.0,ee15fbca7198,0.013188448069341089,7.045186781387104,0.6759872079707049,1.3188448069341088,1
307,PM Robust minimax detector,0.01,0.03,10.0,M_conservative_mixture,15.0,ee15fbca7198,0.01367318987831831,6.991417657178045,0.6877854275623387,1.3673189878318308,1
401,PM Robust minimax detector,0.01,0.03,10.0,M_conservative_mixture,15.0,ee15fbca7198,0.013004244562057492,7.608478277364555,0.5823505489544728,1.3004244562057492,1
503,PM Robust minimax detector,0.01,0.03,10.0,M_conservative_mixture,15.0,ee15fbca7198,0.013107579004337781,7.388260367406759,0.626759544294614,1.3107579004337782,1
101,PM Robust minimax detector,0.01,0.03,10.0,M_conservative_mixture,25.0,92bdb4456583,0.01335416519133209,7.867747919038068,0.5785398337818529,1.335416519133209,1
211,PM Robust minimax detector,0.01,0.03,10.0,M_conservative_mixture,25.0,92bdb4456583,0.013375357260536423,8.063060406788786,0.5501477743740818,1.3375357260536422,1
307,PM Robust minimax detector,0.01,0.03,10.0,M_conservative_mixture,25.0,92bdb4456583,0.013482590843982428,7.484180270204771,0.607777671352213,1.3482590843982427,1
401,PM Robust minimax detector,0.01,0.03,10.0,M_conservative_mixture,25.0,92bdb4456583,0.012991666519476237,7.309178920772078,0.6459152942540309,1.2991666519476237,1
503,PM Robust minimax detector,0.01,0.03,10.0,M_conservative_mixture,25.0,92bdb4456583,0.013266464013611598,8.168833477199627,0.5530591202931454,1.3266464013611599,1
101,PM Robust minimax detector,0.01,0.03,10.0,M_conservative_mixture,40.0,7b98d713b6e2,0.01327902208071275,8.590284180941767,0.48287560819899705,1.327902208071275,1
211,PM Robust minimax detector,0.01,0.03,10.0,M_conservative_mixture,40.0,7b98d713b6e2,0.013389755508393853,8.325947884232576,0.4812169035707617,1.3389755508393852,1
307,PM Robust minimax detector,0.01,0.03,10.0,M_conservative_mixture,40.0,7b98d713b6e2,0.013156189436621692,9.540609587309389,0.3661810823485348,1.3156189436621692,1
401,PM Robust minimax detector,0.01,0.03,10.0,M_conservative_mixture,40.0,7b98d713b6e2,0.013526494798943495,8.687110268744382,0.4546136737288131,1.3526494798943494,1
503,PM Robust minimax detector,0.01,0.03,10.0,M_conservative_mixture,40.0,7b98d713b6e2,0.013233853275821435,9.258402780876636,0.40499398904029477,1.3233853275821434,1
101,PM Robust minimax detector,0.01,0.03,10.0,M_conservative_mixture,60.0,8c51ebb211ce,0.013291892902100588,10.756646474019517,0.20642353078670428,1.3291892902100588,1
211,PM Robust minimax detector,0.01,0.03,10.0,M_conservative_mixture,60.0,8c51ebb211ce,0.012824056359114632,10.472669182747435,0.24496857567263025,1.2824056359114633,1
307,PM Robust minimax detector,0.01,0.03,10.0,M_conservative_mixture,60.0,8c51ebb211ce,0.013302467682592758,10.064211291611617,0.3069341491162674,1.3302467682592758,1
401,PM Robust minimax detector,0.01,0.03,10.0,M_conservative_mixture,60.0,8c51ebb211ce,0.01335472929224568,10.14750150057375,0.2969754090895914,1.335472929224568,1
503,PM Robust minimax detector,0.01,0.03,10.0,M_conservative_mixture,60.0,8c51ebb211ce,0.013414471636529628,10.549996753461716,0.2711670616780948,1.3414471636529628,1
401,PM Robust minimax detector,0.005,0.0,10.0,M_conservative_mixture,25.0,839f0462acc3,0.006263896737790683,8.072759245690264,0.5477236297446593,1.2527793475581366,1
401,PM Robust minimax detector,0.005,0.0,10.0,M_conservative_mixture,40.0,8ff05e6ee5cf,0.006261801838130219,8.927477744641646,0.4127486544885501,1.2523603676260437,1
101,PM Robust minimax detector,0.005,0.01,8.0,M_conservative_mixture,15.0,932684fdbfe8,0.006361637812578943,6.4707295016360185,0.7320554268100937,1.2723275625157886,1
101,PM Robust minimax detector,0.005,0.01,8.0,M_conservative_mixture,25.0,04ebda65244a,0.0062720330241188916,7.420780251980301,0.6080489248730979,1.2544066048237783,1
503,PM Robust minimax detector,0.005,0.01,8.0,M_conservative_mixture,60.0,bd30669dd1d1,0.006270134329958598,10.293974360654467,0.27702434081409033,1.2540268659917195,1
101,PM Robust minimax detector,0.005,0.01,10.0,M_mueller,15.0,50487ef46178,0.006302425494036533,7.138369112467164,0.6540579073563397,1.2604850988073066,1
307,PM Robust minimax detector,0.005,0.01,10.0,M_mueller,15.0,50487ef46178,0.006263985360447485,7.1871503589340175,0.6424595262695653,1.252797072089497,1
307,PM Robust minimax detector,0.005,0.01,10.0,M_mueller,25.0,782874f3595a,0.006344793726841593,7.815061813873966,0.5597819177277261,1.2689587453683184,1
401,PM Robust minimax detector,0.005,0.01,10.0,M_mueller,25.0,782874f3595a,0.0062515299997851015,7.816225167543188,0.5803070995878757,1.2503059999570203,1
101,PM Robust minimax detector,0.005,0.01,10.0,M_mueller,40.0,e12cef4e7acb,0.0062618751128847025,8.833059267336681,0.4554823188656457,1.2523750225769406,1
211,PM Robust minimax detector,0.005,0.01,10.0,M_mueller,40.0,e12cef4e7acb,0.006257814854163229,8.81564751417195,0.47181568528876827,1.251562970832646,1
101,PM Robust minimax detector,0.005,0.01,10.0,M_mueller,60.0,9600bfd514b4,0.006291176777609122,10.122279288012528,0.2999831391553408,1.2582353555218244,1
101,PM Robust minimax detector,0.005,0.01,10.0,M_conservative_mixture,15.0,b757f35c1dcd,0.006364834611791036,6.931872851904574,0.6684602385884189,1.2729669223582072,1
211,PM Robust minimax detector,0.005,0.01,10.0,M_conservative_mixture,15.0,b757f35c1dcd,0.006374712577100277,6.618688458503581,0.7079703718974057,1.2749425154200553,1
307,PM Robust minimax detector,0.005,0.01,10.0,M_conservative_mixture,15.0,b757f35c1dcd,0.006283883480884926,6.646427024094535,0.6997525665700255,1.2567766961769853,1
401,PM Robust minimax detector,0.005,0.01,10.0,M_conservative_mixture,15.0,b757f35c1dcd,0.006327287786531199,7.067284167428425,0.6753549082929494,1.2654575573062397,1
503,PM Robust minimax detector,0.005,0.01,10.0,M_conservative_mixture,15.0,b757f35c1dcd,0.0063869213848430795,7.065867873373634,0.6770282266384136,1.277384276968616,1
211,PM Robust minimax detector,0.005,0.01,10.0,M_conservative_mixture,25.0,b99b2f0f3df8,0.00635088432922276,7.189841011991231,0.6802155131982206,1.270176865844552,1
307,PM Robust minimax detector,0.005,0.01,10.0,M_conservative_mixture,25.0,b99b2f0f3df8,0.0062596481202283295,7.338597171512715,0.6396207645025397,1.2519296240456659,1
503,PM Robust minimax detector,0.005,0.01,10.0,M_conservative_mixture,25.0,b99b2f0f3df8,0.00633258390620378,7.7781056985099655,0.543474921194812,1.2665167812407558,1
101,PM Robust minimax detector,0.005,0.01,10.0,M_conservative_mixture,40.0,9474a4ff9618,0.006356719628041402,8.691522698689752,0.4556686888415429,1.2713439256082804,1
211,PM Robust minimax detector,0.005,0.01,10.0,M_conservative_mixture,40.0,9474a4ff9618,0.006377068534775448,9.077048945010578,0.4333858772068283,1.2754137069550897,1
307,PM Robust minimax detector,0.005,0.01,10.0,M_conservative_mixture,40.0,9474a4ff9618,0.0063807025894069705,8.569029043099032,0.4846020842111703,1.276140517881394,1
401,PM Robust minimax detector,0.005,0.01,10.0,M_conservative_mixture,40.0,9474a4ff9618,0.006267944334425586,8.592762357325029,0.43124368430029014,1.2535888668851172,1
101,PM Robust minimax detector,0.005,0.01,10.0,M_conservative_mixture,60.0,ad117677302e,0.006264777992705188,10.239733799496777,0.24849397919080832,1.2529555985410377,1
211,PM Robust minimax detector,0.005,0.01,10.0,M_conservative_mixture,60.0,ad117677302e,0.006406338930226824,9.111933193901386,0.42726769615046717,1.2812677860453647,1
307,PM Robust minimax detector,0.005,0.01,10.0,M_conservative_mixture,60.0,ad117677302e,0.006346226063971917,9.890795750451252,0.3163712342494254,1.2692452127943834,1
401,PM Robust minimax detector,0.005,0.01,10.0,M_conservative_mixture,60.0,ad117677302e,0.006434727118186748,10.20102664116213,0.2553422529750341,1.2869454236373497,1
401,PM Robust minimax detector,0.005,0.03,4.0,M_conservative_mixture,15.0,e6836ff94cd8,0.006279152499409183,6.071798701671407,0.7726089582075766,1.2558304998818366,1
101,PM Robust minimax detector,0.005,0.03,6.0,M_mueller,60.0,a543baefcb91,0.0062554984913859545,8.502620341555371,0.48279954969432437,1.251099698277191,1
101,PM Robust minimax detector,0.005,0.03,6.0,M_conservative_mixture,15.0,ca75d02d3a47,0.006348934067524251,5.567135296111156,0.8158241937577544,1.26978681350485,1
401,PM Robust minimax detector,0.005,0.03,6.0,M_conservative_mixture,15.0,ca75d02d3a47,0.006310227351916528,6.444960215291313,0.716279369363836,1.2620454703833055,1
503,PM Robust minimax detector,0.005,0.03,6.0,M_conservative_mixture,15.0,ca75d02d3a47,0.006261993848903247,6.297551797230339,0.7533663011583003,1.2523987697806493,1
211,PM Robust minimax detector,0.005,0.03,6.0,M_conservative_mixture,25.0,611cc2d5d1a2,0.006300776326236305,6.318674475705382,0.7015207485140211,1.260155265247261,1
307,PM Robust minimax detector,0.005,0.03,6.0,M_conservative_mixture,25.0,611cc2d5d1a2,0.006338710617487267,6.874346589071939,0.6622375447352598,1.2677421234974533,1
307,PM Robust minimax detector,0.005,0.03,6.0,M_conservative_mixture,40.0,d5954588bd7d,0.006349984871601477,7.615092841320138,0.6101618777497031,1.2699969743202955,1
503,PM Robust minimax detector,0.005,0.03,6.0,M_conservative_mixture,40.0,d5954588bd7d,0.006291085604638054,8.002181442735289,0.5254294874415811,1.2582171209276107,1
101,PM Robust minimax detector,0.005,0.03,6.0,M_conservative_mixture,60.0,f0dd1e96efd5,0.006252855081427351,8.984164512903929,0.42321703933786015,1.2505710162854702,1
503,PM Robust minimax detector,0.005,0.03,6.0,M_conservative_mixture,60.0,f0dd1e96efd5,0.006346513872601377,9.099218375098618,0.41334250193034855,1.2693027745202754,1
503,PM Robust minimax detector,0.005,0.03,8.0,M_huber,15.0,9a82c3be988b,0.006284401932156163,6.742358571916814,0.7099118110567147,1.2568803864312326,1
101,PM Robust minimax detector,0.005,0.03,8.0,M_huber,25.0,6b41576f2129,0.006298603949779066,7.029461742220878,0.6585207134555723,1.2597207899558132,1
307,PM Robust minimax detector,0.005,0.03,8.0,M_huber,25.0,6b41576f2129,0.00629259589298862,6.784801064267171,0.7233952500802591,1.258519178597724,1
401,PM Robust minimax detector,0.005,0.03,8.0,M_huber,60.0,943b84e51570,0.0063016742087688175,9.463689795319787,0.3623498863189967,1.2603348417537634,1
101,PM Robust minimax detector,0.005,0.03,8.0,M_mueller,15.0,d69b64504278,0.006336095940082746,6.176947239015603,0.7582825766296304,1.267219188016549,1
211,PM Robust minimax detector,0.005,0.03,8.0,M_mueller,15.0,d69b64504278,0.0063271015343769115,6.417616159610603,0.722084998594283,1.2654203068753822,1
401,PM Robust minimax detector,0.005,0.03,8.0,M_mueller,15.0,d69b64504278,0.0062904495482696285,6.503874603138868,0.7303071999271772,1.2580899096539258,1
503,PM Robust minimax detector,0.005,0.03,8.0,M_mueller,15.0,d69b64504278,0.006388969109029273,6.27373073947594,0.7471310052854214,1.2777938218058547,1
101,PM Robust minimax detector,0.005,0.03,8.0,M_mueller,25.0,0a1e12080679,0.006419275467904518,7.14779353740282,0.6642040454382632,1.2838550935809037,1
211,PM Robust minimax detector,0.005,0.03,8.0,M_mueller,25.0,0a1e12080679,0.006343243829578097,7.203872095665106,0.6332053430511886,1.2686487659156194,1
307,PM Robust minimax detector,0.005,0.03,8.0,M_mueller,25.0,0a1e12080679,0.006370577001276767,6.665116275378311,0.7374954831489867,1.2741154002553534,1
401,PM Robust minimax detector,0.005,0.03,8.0,M_mueller,25.0,0a1e12080679,0.006299573744414905,7.3276538318315945,0.6297140594237103,1.259914748882981,1
503,PM Robust minimax detector,0.005,0.03,8.0,M_mueller,25.0,0a1e12080679,0.0062629800969277215,6.743242616431084,0.6854408299521675,1.2525960193855443,1
307,PM Robust minimax detector,0.005,0.03,8.0,M_mueller,40.0,69925d0a58b5,0.006338456251053908,7.727468580235402,0.5841741518234979,1.2676912502107816,1
401,PM Robust minimax detector,0.005,0.03,8.0,M_mueller,40.0,69925d0a58b5,0.006409864974590053,8.625979379580174,0.4697219126480944,1.2819729949180105,1
503,PM Robust minimax detector,0.005,0.03,8.0,M_mueller,40.0,69925d0a58b5,0.006295767345331641,8.804305136343167,0.451353510929233,1.2591534690663282,1
101,PM Robust minimax detector,0.005,0.03,8.0,M_mueller,60.0,859c111c6c1c,0.006314661989634665,9.083824333131409,0.44119140335364565,1.262932397926933,1
211,PM Robust minimax detector,0.005,0.03,8.0,M_mueller,60.0,859c111c6c1c,0.0064240131039668405,9.390500504176043,0.3639214911472516,1.284802620793368,1
307,PM Robust minimax detector,0.005,0.03,8.0,M_mueller,60.0,859c111c6c1c,0.00638400748850452,9.765239883592384,0.3151786839443887,1.2768014977009041,1
101,PM Robust minimax detector,0.005,0.03,8.0,M_conservative_mixture,15.0,634e63ca9163,0.006534821126323756,6.617669085076248,0.7081106464119302,1.306964225264751,1
211,PM Robust minimax detector,0.005,0.03,8.0,M_conservative_mixture,15.0,634e63ca9163,0.006324240064271231,6.625740186236401,0.7148231728173873,1.264848012854246,1
307,PM Robust minimax detector,0.005,0.03,8.0,M_conservative_mixture,15.0,634e63ca9163,0.006426136054543774,7.409789985725477,0.6241989264095162,1.2852272109087548,1
401,PM Robust minimax detector,0.005,0.03,8.0,M_conservative_mixture,15.0,634e63ca9163,0.006449467811943442,6.8868324350335115,0.6880552671808187,1.2898935623886882,1
503,PM Robust minimax detector,0.005,0.03,8.0,M_conservative_mixture,15.0,634e63ca9163,0.0064249098986935505,6.235691183279455,0.7285702682939446,1.28498197973871,1
101,PM Robust minimax detector,0.005,0.03,8.0,M_conservative_mixture,25.0,ce7f3d51febd,0.006455878266191995,7.068459330288512,0.6553505805093027,1.291175653238399,1
211,PM Robust minimax detector,0.005,0.03,8.0,M_conservative_mixture,25.0,ce7f3d51febd,0.006491621890106528,7.286241742651293,0.6496897007218442,1.2983243780213056,1
307,PM Robust minimax detector,0.005,0.03,8.0,M_conservative_mixture,25.0,ce7f3d51febd,0.006455077156031166,7.529777036178915,0.6077780758318442,1.2910154312062332,1
401,PM Robust minimax detector,0.005,0.03,8.0,M_conservative_mixture,25.0,ce7f3d51febd,0.00644020064801253,7.313161829349166,0.6415561693136742,1.288040129602506,1
503,PM Robust minimax detector,0.005,0.03,8.0,M_conservative_mixture,25.0,ce7f3d51febd,0.006497877372001148,7.171975416128023,0.6535030435268059,1.2995754744002295,1
101,PM Robust minimax detector,0.005,0.03,8.0,M_conservative_mixture,40.0,207296f0b8da,0.006452439029746439,8.218651432342682,0.5369834064773946,1.2904878059492877,1
211,PM Robust minimax detector,0.005,0.03,8.0,M_conservative_mixture,40.0,207296f0b8da,0.006352486898150177,8.192822038304971,0.552610414916894,1.2704973796300354,1
307,PM Robust minimax detector,0.005,0.03,8.0,M_conservative_mixture,40.0,207296f0b8da,0.0062851082338400525,8.464314436204644,0.46795506771282985,1.2570216467680104,1
401,PM Robust minimax detector,0.005,0.03,8.0,M_conservative_mixture,40.0,207296f0b8da,0.006452930455687338,8.003300907847828,0.5619639671963953,1.2905860911374676,1
503,PM Robust minimax detector,0.005,0.03,8.0,M_conservative_mixture,40.0,207296f0b8da,0.00647391024188208,8.21091335017927,0.5493600103394604,1.2947820483764159,1
101,PM Robust minimax detector,0.005,0.03,8.0,M_conservative_mixture,60.0,dd80b4c7cf48,0.00636152857415888,9.892008598408973,0.3469124927251938,1.272305714831776,1
211,PM Robust minimax detector,0.005,0.03,8.0,M_conservative_mixture,60.0,dd80b4c7cf48,0.006478505778997164,9.26382802042067,0.3659135803632589,1.295701155799433,1
307,PM Robust minimax detector,0.005,0.03,8.0,M_conservative_mixture,60.0,dd80b4c7cf48,0.006392269901705295,10.206134305944458,0.2734398797956713,1.278453980341059,1
401,PM Robust minimax detector,0.005,0.03,8.0,M_conservative_mixture,60.0,dd80b4c7cf48,0.006388307742452671,9.467760658060334,0.3844429406124169,1.277661548490534,1
503,PM Robust minimax detector,0.005,0.03,8.0,M_conservative_mixture,60.0,dd80b4c7cf48,0.0064397547453236064,10.337775454110464,0.26176344981864064,1.2879509490647212,1
101,PM Robust minimax detector,0.005,0.03,10.0,M_huber,15.0,003d7b0d8be9,0.006310667909722338,7.330585737853778,0.6085903463994117,1.2621335819444677,1
211,PM Robust minimax detector,0.005,0.03,10.0,M_huber,15.0,003d7b0d8be9,0.006356590368296209,6.55582479816141,0.7317855318578609,1.2713180736592418,1
307,PM Robust minimax detector,0.005,0.03,10.0,M_huber,15.0,003d7b0d8be9,0.006391410404701147,7.073286243753415,0.6706342053143564,1.2782820809402293,1
401,PM Robust minimax detector,0.005,0.03,10.0,M_huber,15.0,003d7b0d8be9,0.006465753970655333,6.363538214701784,0.722319162052288,1.2931507941310667,1
503,PM Robust minimax detector,0.005,0.03,10.0,M_huber,15.0,003d7b0d8be9,0.0063964634397336686,6.545980489682101,0.7367077911616439,1.2792926879467337,1
101,PM Robust minimax detector,0.005,0.03,10.0,M_huber,25.0,5d67eb2bf505,0.006282259587180238,7.438735521243183,0.6318255417509215,1.2564519174360476,1
211,PM Robust minimax detector,0.005,0.03,10.0,M_huber,25.0,5d67eb2bf505,0.0064349491938455496,7.163377349733577,0.6549062506393176,1.2869898387691099,1
307,PM Robust minimax detector,0.005,0.03,10.0,M_huber,25.0,5d67eb2bf505,0.006311576444405032,7.785847067744419,0.549528741852943,1.2623152888810063,1
401,PM Robust minimax detector,0.005,0.03,10.0,M_huber,25.0,5d67eb2bf505,0.006356088973866967,7.956147167222408,0.5502595695552176,1.2712177947733934,1
503,PM Robust minimax detector,0.005,0.03,10.0,M_huber,25.0,5d67eb2bf505,0.006401983989645168,7.744383576252348,0.5631785937656106,1.2803967979290336,1
101,PM Robust minimax detector,0.005,0.03,10.0,M_huber,40.0,14c07668a878,0.006371367562191361,8.87665537757027,0.44450429913658573,1.2742735124382722,1
211,PM Robust minimax detector,0.005,0.03,10.0,M_huber,40.0,14c07668a878,0.006377769015145399,8.660349652451819,0.46969593042226765,1.2755538030290798,1
307,PM Robust minimax detector,0.005,0.03,10.0,M_huber,40.0,14c07668a878,0.006474631291729508,8.406286155103691,0.4945531394002999,1.2949262583459016,1
401,PM Robust minimax detector,0.005,0.03,10.0,M_huber,40.0,14c07668a878,0.006343049302418623,8.501421810669534,0.5079205575769988,1.2686098604837246,1
503,PM Robust minimax detector,0.005,0.03,10.0,M_huber,40.0,14c07668a878,0.006326450437202248,8.136184401571674,0.548868092346309,1.2652900874404496,1
101,PM Robust minimax detector,0.005,0.03,10.0,M_huber,60.0,0b7bc0be307b,0.006375602420731806,10.065823502631455,0.3256268938445075,1.2751204841463613,1
211,PM Robust minimax detector,0.005,0.03,10.0,M_huber,60.0,0b7bc0be307b,0.006445470390627138,9.333313299232113,0.39157142778126713,1.2890940781254276,1
307,PM Robust minimax detector,0.005,0.03,10.0,M_huber,60.0,0b7bc0be307b,0.0063350525342108135,9.56539949009863,0.35085419249249516,1.2670105068421627,1
401,PM Robust minimax detector,0.005,0.03,10.0,M_huber,60.0,0b7bc0be307b,0.006276347190426135,10.292960682650097,0.28209589830632065,1.255269438085227,1
503,PM Robust minimax detector,0.005,0.03,10.0,M_huber,60.0,0b7bc0be307b,0.006282728195961495,9.70478039506085,0.3384893967437603,1.256545639192299,1
101,PM Robust minimax detector,0.005,0.03,10.0,M_mueller,15.0,e19543514c32,0.006441874745834198,7.292351220208274,0.6242710344023763,1.2883749491668397,1
211,PM Robust minimax detector,0.005,0.03,10.0,M_mueller,15.0,e19543514c32,0.006526127874267228,7.708409741426011,0.6053774711884532,1.3052255748534456,1
307,PM Robust minimax detector,0.005,0.03,10.0,M_mueller,15.0,e19543514c32,0.006579229546088362,6.493393078745437,0.7494098128251163,1.3158459092176724,1
401,PM Robust minimax detector,0.005,0.03,10.0,M_mueller,15.0,e19543514c32,0.0064838536488662155,7.333584159364888,0.6226197139236439,1.2967707297732431,1
503,PM Robust minimax detector,0.005,0.03,10.0,M_mueller,15.0,e19543514c32,0.00643534689776796,7.0707801767636225,0.6763559401315372,1.287069379553592,1
101,PM Robust minimax detector,0.005,0.03,10.0,M_mueller,25.0,d6d7a206c28e,0.006497398501513092,7.660874703462761,0.5677302966917654,1.2994797003026184,1
211,PM Robust minimax detector,0.005,0.03,10.0,M_mueller,25.0,d6d7a206c28e,0.006481664051130769,7.215126990640727,0.6429559466778388,1.2963328102261538,1
307,PM Robust minimax detector,0.005,0.03,10.0,M_mueller,25.0,d6d7a206c28e,0.006402720652538212,7.0993392003011575,0.6623699641099737,1.2805441305076424,1
401,PM Robust minimax detector,0.005,0.03,10.0,M_mueller,25.0,d6d7a206c28e,0.006557374104050673,7.692101821206085,0.6078660429130264,1.3114748208101346,1
503,PM Robust minimax detector,0.005,0.03,10.0,M_mueller,25.0,d6d7a206c28e,0.006522579781892881,8.143137113419673,0.5509315964484415,1.3045159563785762,1
101,PM Robust minimax detector,0.005,0.03,10.0,M_mueller,40.0,c4020c8e3e2e,0.0065981206824712296,8.460877553337326,0.476600491102313,1.3196241364942458,1
211,PM Robust minimax detector,0.005,0.03,10.0,M_mueller,40.0,c4020c8e3e2e,0.00646706982221537,8.376765651633253,0.5119124946332271,1.293413964443074,1
307,PM Robust minimax detector,0.005,0.03,10.0,M_mueller,40.0,c4020c8e3e2e,0.006432065334764988,9.083143203962763,0.4100674259603001,1.2864130669529976,1
401,PM Robust minimax detector,0.005,0.03,10.0,M_mueller,40.0,c4020c8e3e2e,0.006518187441493823,8.068285271643312,0.5314372300176373,1.3036374882987647,1
503,PM Robust minimax detector,0.005,0.03,10.0,M_mueller,40.0,c4020c8e3e2e,0.006507204945037446,8.038535878220099,0.5667491533559035,1.3014409890074892,1
101,PM Robust minimax detector,0.005,0.03,10.0,M_mueller,60.0,a0fe77f0b20b,0.0065235852689469,10.576303366521786,0.22015802676846746,1.30471705378938,1
211,PM Robust minimax detector,0.005,0.03,10.0,M_mueller,60.0,a0fe77f0b20b,0.006373240391189985,9.8549802215096,0.3216462045622446,1.274648078237997,1
307,PM Robust minimax detector,0.005,0.03,10.0,M_mueller,60.0,a0fe77f0b20b,0.00647633240645451,9.335882414764225,0.3955532246316832,1.295266481290902,1
401,PM Robust minimax detector,0.005,0.03,10.0,M_mueller,60.0,a0fe77f0b20b,0.006413416545155615,10.624684857515035,0.2553771097522537,1.282683309031123,1
503,PM Robust minimax detector,0.005,0.03,10.0,M_mueller,60.0,a0fe77f0b20b,0.006432745317143515,9.802049250848574,0.34287592363740876,1.286549063428703,1
101,PM Robust minimax detector,0.005,0.03,10.0,M_conservative_mixture,15.0,991a8a4ece3b,0.006535542690116577,6.763162407751574,0.7237380417197563,1.3071085380233154,1
211,PM Robust minimax detector,0.005,0.03,10.0,M_conservative_mixture,15.0,991a8a4ece3b,0.006504767626460926,7.178265663453949,0.6329161389670459,1.3009535252921853,1
307,PM Robust minimax detector,0.005,0.03,10.0,M_conservative_mixture,15.0,991a8a4ece3b,0.006570052712897423,7.5116422472244855,0.6178173125280502,1.3140105425794846,1
401,PM Robust minimax detector,0.005,0.03,10.0,M_conservative_mixture,15.0,991a8a4ece3b,0.0066688045858693005,7.178523485126898,0.6503643208623671,1.33376091717386,1
503,PM Robust minimax detector,0.005,0.03,10.0,M_conservative_mixture,15.0,991a8a4ece3b,0.006543978643229026,6.99573100831845,0.6563811637840999,1.3087957286458052,1
101,PM Robust minimax detector,0.005,0.03,10.0,M_conservative_mixture,25.0,a0dd465d3594,0.00662706357231195,8.36580254787601,0.5096169330038888,1.32541271446239,1
211,PM Robust minimax detector,0.005,0.03,10.0,M_conservative_mixture,25.0,a0dd465d3594,0.006656410714701791,7.69105963761614,0.588028783658754,1.3312821429403583,1
307,PM Robust minimax detector,0.005,0.03,10.0,M_conservative_mixture,25.0,a0dd465d3594,0.006493816906626855,8.192542354586383,0.5354448422632897,1.298763381325371,1
401,PM Robust minimax detector,0.005,0.03,10.0,M_conservative_mixture,25.0,a0dd465d3594,0.006742091637523742,7.3733762330671695,0.6332534037619048,1.3484183275047483,1
503,PM Robust minimax detector,0.005,0.03,10.0,M_conservative_mixture,25.0,a0dd465d3594,0.006482789334955412,7.332218860166873,0.6469442777853902,1.2965578669910822,1
101,PM Robust minimax detector,0.005,0.03,10.0,M_conservative_mixture,40.0,28f37a5fa1db,0.006530180143295392,8.420429304473533,0.5041737223546914,1.3060360286590784,1
211,PM Robust minimax detector,0.005,0.03,10.0,M_conservative_mixture,40.0,28f37a5fa1db,0.006632581495732263,8.819636079349898,0.4555103958991228,1.3265162991464525,1
307,PM Robust minimax detector,0.005,0.03,10.0,M_conservative_mixture,40.0,28f37a5fa1db,0.006563120921852212,8.491575656969406,0.5199002135120238,1.3126241843704425,1
401,PM Robust minimax detector,0.005,0.03,10.0,M_conservative_mixture,40.0,28f37a5fa1db,0.006602863416641278,9.107403144580443,0.39879015164640036,1.3205726833282556,1
503,PM Robust minimax detector,0.005,0.03,10.0,M_conservative_mixture,40.0,28f37a5fa1db,0.006657894968101567,8.987988902418149,0.4216728074191712,1.3315789936203133,1
101,PM Robust minimax detector,0.005,0.03,10.0,M_conservative_mixture,60.0,e6677c2e7e91,0.0065916501531552915,10.09559129374998,0.29905188415255435,1.3183300306310584,1
211,PM Robust minimax detector,0.005,0.03,10.0,M_conservative_mixture,60.0,e6677c2e7e91,0.00662495139414891,10.354370440441603,0.2665022538736648,1.324990278829782,1
307,PM Robust minimax detector,0.005,0.03,10.0,M_conservative_mixture,60.0,e6677c2e7e91,0.006559504176272261,9.817534609513798,0.3424800217054559,1.3119008352544523,1
401,PM Robust minimax detector,0.005,0.03,10.0,M_conservative_mixture,60.0,e6677c2e7e91,0.00653873977823087,9.953996333845533,0.3125534979865902,1.307747955646174,1
503,PM Robust minimax detector,0.005,0.03,10.0,M_conservative_mixture,60.0,e6677c2e7e91,0.006710768117779133,9.757597155056521,0.3242682579825557,1.3421536235558265,1
101,PM Robust minimax detector,0.001,0.0,10.0,M_conservative_mixture,25.0,237ede80012a,0.0012546730720636114,8.199297938054393,0.555092375044213,1.2546730720636112,1
101,PM Robust minimax detector,0.001,0.0,10.0,M_conservative_mixture,40.0,3e0fd5471251,0.0012637567953119187,8.514928519523544,0.4864280890847723,1.2637567953119186,1
503,PM Robust minimax detector,0.001,0.01,8.0,M_conservative_mixture,25.0,7ca72831b9c5,0.0012533101061696047,6.517328307613365,0.7046730999196369,1.2533101061696046,1
101,PM Robust minimax detector,0.001,0.01,8.0,M_conservative_mixture,60.0,522644263970,0.0012526800745275145,9.311207529251643,0.3731728099661177,1.2526800745275144,1
211,PM Robust minimax detector,0.001,0.01,10.0,M_mueller,15.0,a1e681225c53,0.0012523784231674685,6.851274480648095,0.6734110770491656,1.2523784231674684,1
401,PM Robust minimax detector,0.001,0.01,10.0,M_mueller,15.0,a1e681225c53,0.0012511898150115244,7.187914652872595,0.629701328919499,1.2511898150115244,1
211,PM Robust minimax detector,0.001,0.01,10.0,M_mueller,60.0,ffaa896190c7,0.0012650970204795841,9.971226402638647,0.31666132868000674,1.2650970204795842,1
307,PM Robust minimax detector,0.001,0.01,10.0,M_mueller,60.0,ffaa896190c7,0.0012675675688363069,9.430291771500382,0.3800319644591315,1.2675675688363068,1
211,PM Robust minimax detector,0.001,0.01,10.0,M_conservative_mixture,15.0,36f330cf6782,0.0012569778592238176,7.4711871981966835,0.6103946247484356,1.2569778592238177,1
307,PM Robust minimax detector,0.001,0.01,10.0,M_conservative_mixture,15.0,36f330cf6782,0.0012583636915192264,6.8612087664109325,0.6996473916602447,1.2583636915192264,1
401,PM Robust minimax detector,0.001,0.01,10.0,M_conservative_mixture,15.0,36f330cf6782,0.0012626205920240482,6.52246969113473,0.7342982831457517,1.262620592024048,1
503,PM Robust minimax detector,0.001,0.01,10.0,M_conservative_mixture,15.0,36f330cf6782,0.0012712482642049457,6.839396372666072,0.6696932041553669,1.2712482642049456,1
307,PM Robust minimax detector,0.001,0.01,10.0,M_conservative_mixture,25.0,a54e1e5e987d,0.001253394841038507,7.376977347773721,0.6278408571949474,1.253394841038507,1
401,PM Robust minimax detector,0.001,0.01,10.0,M_conservative_mixture,25.0,a54e1e5e987d,0.0012796589461749293,7.427765088265646,0.6135308915380886,1.2796589461749293,1
503,PM Robust minimax detector,0.001,0.01,10.0,M_conservative_mixture,25.0,a54e1e5e987d,0.0012871423867921155,7.590881857758775,0.5799319508894492,1.2871423867921155,1
211,PM Robust minimax detector,0.001,0.01,10.0,M_conservative_mixture,40.0,69cd65660f44,0.0012812515456110285,8.953288041830369,0.4186966703891325,1.2812515456110285,1
307,PM Robust minimax detector,0.001,0.01,10.0,M_conservative_mixture,40.0,69cd65660f44,0.0012669121881929597,8.368951870149171,0.49468092745338776,1.2669121881929597,1
401,PM Robust minimax detector,0.001,0.01,10.0,M_conservative_mixture,40.0,69cd65660f44,0.0012964155331725645,9.093782019678194,0.40592582696218293,1.2964155331725644,1
503,PM Robust minimax detector,0.001,0.01,10.0,M_conservative_mixture,40.0,69cd65660f44,0.0012860607639644827,9.171480358777636,0.41041858769264955,1.2860607639644828,1
101,PM Robust minimax detector,0.001,0.01,10.0,M_conservative_mixture,60.0,da776b1f4889,0.0012729238701542503,9.959002141296162,0.339529102204669,1.2729238701542502,1
211,PM Robust minimax detector,0.001,0.01,10.0,M_conservative_mixture,60.0,da776b1f4889,0.0012827651436406499,9.630463050372352,0.3468747339610776,1.2827651436406498,1
307,PM Robust minimax detector,0.001,0.01,10.0,M_conservative_mixture,60.0,da776b1f4889,0.0012627736941502302,10.178899046317518,0.28423355801911715,1.26277369415023,1
503,PM Robust minimax detector,0.001,0.01,10.0,M_conservative_mixture,60.0,da776b1f4889,0.0012608886942177704,9.327119614624975,0.3738974373716634,1.2608886942177704,1
307,PM Robust minimax detector,0.001,0.03,6.0,M_mueller,40.0,d47b9286c025,0.001274818075515025,7.901596782314965,0.5354744147035783,1.2748180755150251,1
101,PM Robust minimax detector,0.001,0.03,6.0,M_conservative_mixture,15.0,69c6d8964472,0.0012597374349832418,6.834734922599235,0.679698982487809,1.2597374349832418,1
401,PM Robust minimax detector,0.001,0.03,6.0,M_conservative_mixture,15.0,69c6d8964472,0.0012597677911513935,6.323231367381483,0.7278895727265268,1.2597677911513934,1
101,PM Robust minimax detector,0.001,0.03,6.0,M_conservative_mixture,25.0,1fa7db4e2664,0.0012533675443653094,6.400643297514376,0.7403499366965413,1.2533675443653094,1
401,PM Robust minimax detector,0.001,0.03,6.0,M_conservative_mixture,25.0,1fa7db4e2664,0.001274629177493034,6.685028232958021,0.668991481390198,1.2746291774930338,1
101,PM Robust minimax detector,0.001,0.03,6.0,M_conservative_mixture,40.0,8d90a143ba8a,0.0012698476128379052,8.292480521331951,0.46816709954630104,1.269847612837905,1
211,PM Robust minimax detector,0.001,0.03,6.0,M_conservative_mixture,40.0,8d90a143ba8a,0.0012756359768816392,7.806504438082244,0.5895318634877803,1.2756359768816392,1
307,PM Robust minimax detector,0.001,0.03,6.0,M_conservative_mixture,40.0,8d90a143ba8a,0.0012515475004025588,7.706835531835743,0.5799458336092995,1.2515475004025587,1
401,PM Robust minimax detector,0.001,0.03,6.0,M_conservative_mixture,40.0,8d90a143ba8a,0.001252698188476081,8.121715614180198,0.5254723715850915,1.252698188476081,1
101,PM Robust minimax detector,0.001,0.03,6.0,M_conservative_mixture,60.0,9d316acc8371,0.0012596122458824691,9.274784328468066,0.383971858207521,1.259612245882469,1
211,PM Robust minimax detector,0.001,0.03,6.0,M_conservative_mixture,60.0,9d316acc8371,0.0012640809018630234,9.287214090396985,0.39132004493631145,1.2640809018630235,1
307,PM Robust minimax detector,0.001,0.03,6.0,M_conservative_mixture,60.0,9d316acc8371,0.0012532736300179474,9.21919334771641,0.40165622539241175,1.2532736300179474,1
503,PM Robust minimax detector,0.001,0.03,6.0,M_conservative_mixture,60.0,9d316acc8371,0.0012666178031150847,8.988182212888935,0.3951157223606293,1.2666178031150848,1
211,PM Robust minimax detector,0.001,0.03,8.0,M_huber,25.0,46ba35817e96,0.0012601469796863123,6.247352373409801,0.7345466804267101,1.2601469796863123,1
307,PM Robust minimax detector,0.001,0.03,8.0,M_huber,25.0,46ba35817e96,0.0012505136606109858,6.572530759559896,0.7395153522212875,1.2505136606109857,1
307,PM Robust minimax detector,0.001,0.03,8.0,M_huber,60.0,d5f9f44989f6,0.0012508714059833706,10.103305786626311,0.323923978106699,1.2508714059833705,1
101,PM Robust minimax detector,0.001,0.03,8.0,M_mueller,15.0,8ae0c5f91120,0.001256058720516393,6.007007495929731,0.81440960612007,1.2560587205163931,1
211,PM Robust minimax detector,0.001,0.03,8.0,M_mueller,15.0,8ae0c5f91120,0.0012513020861774865,6.602982062493038,0.6769063252848925,1.2513020861774864,1
307,PM Robust minimax detector,0.001,0.03,8.0,M_mueller,15.0,8ae0c5f91120,0.0012750795172121194,6.607130620005411,0.7065063106245206,1.2750795172121194,1
401,PM Robust minimax detector,0.001,0.03,8.0,M_mueller,15.0,8ae0c5f91120,0.0012672274051759847,6.75699134881651,0.7104900714235219,1.2672274051759846,1
503,PM Robust minimax detector,0.001,0.03,8.0,M_mueller,15.0,8ae0c5f91120,0.0012637183917265187,6.768225117973849,0.7093095304469136,1.2637183917265187,1
101,PM Robust minimax detector,0.001,0.03,8.0,M_mueller,25.0,943d8fecf5c8,0.0012575847443914532,7.030495498157391,0.6625656569851291,1.2575847443914532,1
307,PM Robust minimax detector,0.001,0.03,8.0,M_mueller,25.0,943d8fecf5c8,0.001254829181860717,7.276203128639574,0.6262944702882439,1.2548291818607171,1
401,PM Robust minimax detector,0.001,0.03,8.0,M_mueller,25.0,943d8fecf5c8,0.0012752135692558734,7.065310699670166,0.6690330779529278,1.2752135692558735,1
211,PM Robust minimax detector,0.001,0.03,8.0,M_mueller,40.0,c0eee9707ecb,0.0012630542078647074,7.80993460723287,0.5504212758189229,1.2630542078647073,1
307,PM Robust minimax detector,0.001,0.03,8.0,M_mueller,40.0,c0eee9707ecb,0.0012767408058910652,7.784713981217502,0.5815571991856207,1.2767408058910652,1
503,PM Robust minimax detector,0.001,0.03,8.0,M_mueller,40.0,c0eee9707ecb,0.0012646750549013305,8.578016860634243,0.46010414508561304,1.2646750549013304,1
101,PM Robust minimax detector,0.001,0.03,8.0,M_mueller,60.0,e075d6a0123d,0.0012906585346580855,9.924148105420015,0.3243268091790803,1.2906585346580854,1
211,PM Robust minimax detector,0.001,0.03,8.0,M_mueller,60.0,e075d6a0123d,0.0012560805336615261,9.707493170153278,0.3512387833352194,1.2560805336615262,1
503,PM Robust minimax detector,0.001,0.03,8.0,M_mueller,60.0,e075d6a0123d,0.001271237496429925,9.657152184890668,0.34786176403972924,1.2712374964299251,1
101,PM Robust minimax detector,0.001,0.03,8.0,M_conservative_mixture,15.0,5020a950c14e,0.0012687253409006405,6.60649303300441,0.7048158779386714,1.2687253409006405,1
211,PM Robust minimax detector,0.001,0.03,8.0,M_conservative_mixture,15.0,5020a950c14e,0.001330251544418114,6.72785125806336,0.7016255127952982,1.330251544418114,1
307,PM Robust minimax detector,0.001,0.03,8.0,M_conservative_mixture,15.0,5020a950c14e,0.001283987540242376,6.621116186214218,0.715776582056271,1.283987540242376,1
401,PM Robust minimax detector,0.001,0.03,8.0,M_conservative_mixture,15.0,5020a950c14e,0.001276297188078258,6.364067617024669,0.7559053959178951,1.276297188078258,1
503,PM Robust minimax detector,0.001,0.03,8.0,M_conservative_mixture,15.0,5020a950c14e,0.0012679000851470261,6.41853128257097,0.7083504467779632,1.2679000851470261,1
101,PM Robust minimax detector,0.001,0.03,8.0,M_conservative_mixture,25.0,0441cd929880,0.001300679340163418,6.944469972358219,0.674542369778691,1.300679340163418,1
307,PM Robust minimax detector,0.001,0.03,8.0,M_conservative_mixture,25.0,0441cd929880,0.0012819794082638265,7.6802566766654845,0.6097481792800024,1.2819794082638265,1
401,PM Robust minimax detector,0.001,0.03,8.0,M_conservative_mixture,25.0,0441cd929880,0.001275404493392072,7.57456686280508,0.6112769808677277,1.2754044933920718,1
503,PM Robust minimax detector,0.001,0.03,8.0,M_conservative_mixture,25.0,0441cd929880,0.0012836373012312739,7.19848386130517,0.6442183491137389,1.2836373012312738,1
101,PM Robust minimax detector,0.001,0.03,8.0,M_conservative_mixture,40.0,8699ce3e2bb2,0.0012780895085548706,8.112058885430836,0.5420514586964874,1.2780895085548705,1
211,PM Robust minimax detector,0.001,0.03,8.0,M_conservative_mixture,40.0,8699ce3e2bb2,0.0012793197005540556,8.445035063814997,0.5059477554623714,1.2793197005540555,1
307,PM Robust minimax detector,0.001,0.03,8.0,M_conservative_mixture,40.0,8699ce3e2bb2,0.0012717600395278038,8.059217292814894,0.5410553397978954,1.2717600395278037,1
401,PM Robust minimax detector,0.001,0.03,8.0,M_conservative_mixture,40.0,8699ce3e2bb2,0.001288661829065545,8.013442577323653,0.523427159501938,1.288661829065545,1
503,PM Robust minimax detector,0.001,0.03,8.0,M_conservative_mixture,40.0,8699ce3e2bb2,0.0012674560751076373,8.051924948699735,0.5367706186981916,1.2674560751076371,1
101,PM Robust minimax detector,0.001,0.03,8.0,M_conservative_mixture,60.0,98fc731ec7a4,0.0012845098889722854,10.566385779454796,0.2555637790315216,1.2845098889722855,1
211,PM Robust minimax detector,0.001,0.03,8.0,M_conservative_mixture,60.0,98fc731ec7a4,0.0013066766568121122,10.376162984699233,0.24935876015347228,1.3066766568121122,1
307,PM Robust minimax detector,0.001,0.03,8.0,M_conservative_mixture,60.0,98fc731ec7a4,0.0013100524587744717,9.514876071464565,0.34715369675646063,1.3100524587744717,1
401,PM Robust minimax detector,0.001,0.03,8.0,M_conservative_mixture,60.0,98fc731ec7a4,0.001271518584338792,9.567067077342703,0.3531269110476434,1.2715185843387922,1
503,PM Robust minimax detector,0.001,0.03,8.0,M_conservative_mixture,60.0,98fc731ec7a4,0.0012895641842139364,9.979344100166303,0.33064034857791197,1.2895641842139365,1
101,PM Robust minimax detector,0.001,0.03,10.0,M_huber,15.0,78f65b3cf9a8,0.0012760727861393505,6.962086906110068,0.6839754212687308,1.2760727861393504,1
211,PM Robust minimax detector,0.001,0.03,10.0,M_huber,15.0,78f65b3cf9a8,0.001282874444552623,7.400666742922353,0.6058471131172914,1.282874444552623,1
307,PM Robust minimax detector,0.001,0.03,10.0,M_huber,15.0,78f65b3cf9a8,0.0012680060403986706,6.691986406260636,0.6933176211596694,1.2680060403986706,1
401,PM Robust minimax detector,0.001,0.03,10.0,M_huber,15.0,78f65b3cf9a8,0.0012784176988633244,7.000907965605866,0.6657880878304827,1.2784176988633245,1
503,PM Robust minimax detector,0.001,0.03,10.0,M_huber,15.0,78f65b3cf9a8,0.00126745082794919,7.347300349841479,0.6259687687403751,1.2674508279491898,1
101,PM Robust minimax detector,0.001,0.03,10.0,M_huber,25.0,cab39bed1730,0.0012615473542049321,7.791189510961855,0.5696229695104308,1.261547354204932,1
211,PM Robust minimax detector,0.001,0.03,10.0,M_huber,25.0,cab39bed1730,0.001269817754011546,7.366799151574969,0.6351963731556118,1.269817754011546,1
307,PM Robust minimax detector,0.001,0.03,10.0,M_huber,25.0,cab39bed1730,0.0012834538855166007,7.62948996817498,0.5926273573136934,1.2834538855166007,1
401,PM Robust minimax detector,0.001,0.03,10.0,M_huber,25.0,cab39bed1730,0.001281046647141233,7.948013553172669,0.5867443100572519,1.281046647141233,1
503,PM Robust minimax detector,0.001,0.03,10.0,M_huber,25.0,cab39bed1730,0.0012528846748924387,7.568301180608631,0.5804674035952151,1.2528846748924387,1
211,PM Robust minimax detector,0.001,0.03,10.0,M_huber,40.0,1a52ea4fac25,0.001281614922718885,8.783805052597863,0.43888767431652315,1.2816149227188849,1
307,PM Robust minimax detector,0.001,0.03,10.0,M_huber,40.0,1a52ea4fac25,0.0012809212964459687,8.10886480593349,0.5424202457761548,1.2809212964459686,1
401,PM Robust minimax detector,0.001,0.03,10.0,M_huber,40.0,1a52ea4fac25,0.0012771514576268616,8.594618123325176,0.4768206815985779,1.2771514576268614,1
503,PM Robust minimax detector,0.001,0.03,10.0,M_huber,40.0,1a52ea4fac25,0.0012565590855737538,8.369335531432812,0.5065506818409662,1.2565590855737538,1
101,PM Robust minimax detector,0.001,0.03,10.0,M_huber,60.0,e36b8daec0e2,0.0013007709519747108,9.905993072129665,0.31024915527877184,1.3007709519747108,1
211,PM Robust minimax detector,0.001,0.03,10.0,M_huber,60.0,e36b8daec0e2,0.0012541890712589928,9.53968887537509,0.3787806492000233,1.2541890712589927,1
307,PM Robust minimax detector,0.001,0.03,10.0,M_huber,60.0,e36b8daec0e2,0.0012558567445985595,10.346172751311503,0.24827686042204086,1.2558567445985596,1
401,PM Robust minimax detector,0.001,0.03,10.0,M_huber,60.0,e36b8daec0e2,0.001279768228903248,10.013841267705034,0.3014558259018183,1.279768228903248,1
503,PM Robust minimax detector,0.001,0.03,10.0,M_huber,60.0,e36b8daec0e2,0.0012715371390658473,9.64544448054798,0.3481673992738788,1.2715371390658472,1
101,PM Robust minimax detector,0.001,0.03,10.0,M_mueller,15.0,de7fa670003b,0.0012942135345413634,7.308177251200915,0.6263927416582731,1.2942135345413635,1
211,PM Robust minimax detector,0.001,0.03,10.0,M_mueller,15.0,de7fa670003b,0.001313417901478495,6.333668426375095,0.7258484964311668,1.313417901478495,1
307,PM Robust minimax detector,0.001,0.03,10.0,M_mueller,15.0,de7fa670003b,0.0012895804827390178,7.5449744892958455,0.6078296865142793,1.2895804827390178,1
401,PM Robust minimax detector,0.001,0.03,10.0,M_mueller,15.0,de7fa670003b,0.0013120614688060177,6.8689932296452145,0.6861865630137038,1.3120614688060177,1
503,PM Robust minimax detector,0.001,0.03,10.0,M_mueller,15.0,de7fa670003b,0.0012916870432154923,7.141523749169341,0.6511595229675322,1.2916870432154923,1
101,PM Robust minimax detector,0.001,0.03,10.0,M_mueller,25.0,38de7ac95d7e,0.0012930345725291048,7.53923938093402,0.6084089258553029,1.2930345725291048,1
211,PM Robust minimax detector,0.001,0.03,10.0,M_mueller,25.0,38de7ac95d7e,0.0012765126317255007,7.801421998106218,0.5579971145976215,1.2765126317255007,1
307,PM Robust minimax detector,0.001,0.03,10.0,M_mueller,25.0,38de7ac95d7e,0.0012888547190086513,6.820695981247512,0.6917214567983995,1.2888547190086512,1
401,PM Robust minimax detector,0.001,0.03,10.0,M_mueller,25.0,38de7ac95d7e,0.0013038432442503598,7.6515186061765155,0.6084699301996302,1.3038432442503598,1
503,PM Robust minimax detector,0.001,0.03,10.0,M_mueller,25.0,38de7ac95d7e,0.0012945301717333668,7.553466649488382,0.6212682746244652,1.2945301717333668,1
101,PM Robust minimax detector,0.001,0.03,10.0,M_mueller,40.0,40d1b22ea1c7,0.001303341720831238,9.012645579010645,0.40238990351408893,1.303341720831238,1
211,PM Robust minimax detector,0.001,0.03,10.0,M_mueller,40.0,40d1b22ea1c7,0.0013002360335821952,9.063314391165761,0.41405253599781966,1.3002360335821952,1
307,PM Robust minimax detector,0.001,0.03,10.0,M_mueller,40.0,40d1b22ea1c7,0.0012855346753126774,9.056896864602278,0.3984450460583563,1.2855346753126773,1
401,PM Robust minimax detector,0.001,0.03,10.0,M_mueller,40.0,40d1b22ea1c7,0.0013012091523719792,8.353037458766362,0.5054226695970483,1.301209152371979,1
503,PM Robust minimax detector,0.001,0.03,10.0,M_mueller,40.0,40d1b22ea1c7,0.0012872395254353748,8.698976805299745,0.4677852614066192,1.2872395254353748,1
101,PM Robust minimax detector,0.001,0.03,10.0,M_mueller,60.0,697d948afe02,0.0012937887223861664,10.697001347421597,0.23543981461923885,1.2937887223861664,1
211,PM Robust minimax detector,0.001,0.03,10.0,M_mueller,60.0,697d948afe02,0.0012881496561688013,10.12050615336121,0.3017963758096069,1.2881496561688013,1
307,PM Robust minimax detector,0.001,0.03,10.0,M_mueller,60.0,697d948afe02,0.0013026205325970379,10.18123476578744,0.2911713415980772,1.302620532597038,1
401,PM Robust minimax detector,0.001,0.03,10.0,M_mueller,60.0,697d948afe02,0.0013081411352324182,10.349943087368725,0.28739553098836557,1.3081411352324182,1
503,PM Robust minimax detector,0.001,0.03,10.0,M_mueller,60.0,697d948afe02,0.0013136225569152966,10.026029814681399,0.3000888431927872,1.3136225569152966,1
101,PM Robust minimax detector,0.001,0.03,10.0,M_conservative_mixture,15.0,7be12867e6a7,0.0013383973385638133,7.19937140270673,0.6474640683817992,1.3383973385638133,1
211,PM Robust minimax detector,0.001,0.03,10.0,M_conservative_mixture,15.0,7be12867e6a7,0.0012975541869933982,7.020807178815928,0.6892926095157853,1.2975541869933982,1
307,PM Robust minimax detector,0.001,0.03,10.0,M_conservative_mixture,15.0,7be12867e6a7,0.0013515186580567843,6.822588420806604,0.6654712621455289,1.3515186580567844,1
401,PM Robust minimax detector,0.001,0.03,10.0,M_conservative_mixture,15.0,7be12867e6a7,0.0013042291524741722,7.093942823666716,0.6559501717934854,1.3042291524741723,1
503,PM Robust minimax detector,0.001,0.03,10.0,M_conservative_mixture,15.0,7be12867e6a7,0.0013196974545197442,7.218766398318907,0.6437518669960111,1.3196974545197442,1
101,PM Robust minimax detector,0.001,0.03,10.0,M_conservative_mixture,25.0,3ae7595d129e,0.0013466929656319585,7.9223208278731825,0.5509494256471402,1.3466929656319586,1
211,PM Robust minimax detector,0.001,0.03,10.0,M_conservative_mixture,25.0,3ae7595d129e,0.0013243964008160041,7.361971183215165,0.621644802464048,1.324396400816004,1
307,PM Robust minimax detector,0.001,0.03,10.0,M_conservative_mixture,25.0,3ae7595d129e,0.0013331162524382963,8.132771657675603,0.5264485137220709,1.3331162524382962,1
401,PM Robust minimax detector,0.001,0.03,10.0,M_conservative_mixture,25.0,3ae7595d129e,0.0013173346237406907,8.429157544791893,0.48824542258059056,1.3173346237406907,1
503,PM Robust minimax detector,0.001,0.03,10.0,M_conservative_mixture,25.0,3ae7595d129e,0.0013426445863279543,7.7616489623773175,0.5505574040125888,1.3426445863279544,1
101,PM Robust minimax detector,0.001,0.03,10.0,M_conservative_mixture,40.0,3c67259c5cb7,0.0013097939900197774,8.789734367387721,0.4787952931874281,1.3097939900197773,1
211,PM Robust minimax detector,0.001,0.03,10.0,M_conservative_mixture,40.0,3c67259c5cb7,0.0013241609986188248,8.93735911896412,0.41177490615952883,1.3241609986188247,1
307,PM Robust minimax detector,0.001,0.03,10.0,M_conservative_mixture,40.0,3c67259c5cb7,0.001306154725701212,8.411879998318831,0.5046669080945562,1.3061547257012118,1
401,PM Robust minimax detector,0.001,0.03,10.0,M_conservative_mixture,40.0,3c67259c5cb7,0.0013391388369105404,9.244536114903957,0.39278689984569026,1.3391388369105404,1
503,PM Robust minimax detector,0.001,0.03,10.0,M_conservative_mixture,40.0,3c67259c5cb7,0.0013063255165011868,8.66791712030162,0.4394535058443019,1.3063255165011867,1
101,PM Robust minimax detector,0.001,0.03,10.0,M_conservative_mixture,60.0,de40e740dd11,0.0013189949182096062,10.733997574876206,0.22336395461863043,1.3189949182096061,1
211,PM Robust minimax detector,0.001,0.03,10.0,M_conservative_mixture,60.0,de40e740dd11,0.0013238511056015007,9.731470850575768,0.330854159015115,1.3238511056015005,1
307,PM Robust minimax detector,0.001,0.03,10.0,M_conservative_mixture,60.0,de40e740dd11,0.0013182745564045701,10.00774343194675,0.3151727876023597,1.3182745564045701,1
401,PM Robust minimax detector,0.001,0.03,10.0,M_conservative_mixture,60.0,de40e740dd11,0.0013056305257281582,10.236717796510826,0.30352773912140507,1.3056305257281582,1
503,PM Robust minimax detector,0.001,0.03,10.0,M_conservative_mixture,60.0,de40e740dd11,0.001325126540930707,9.988130233788,0.3422287735561619,1.325126540930707,1
